{
  "metadata": {
    "runs_compared": [
      "results_run1.json",
      "results_run2.json",
      "results_run3.json"
    ],
    "total_configs": 348,
    "criteria": [
      "C1_Readability",
      "C2_Problem_Identification",
      "C3_Explanation_Clarity",
      "C4_Actionability",
      "C5_Contextual_Adequacy",
      "C6_Brevity"
    ]
  },
  "overall": {
    "per_criterion": {
      "C1_Readability": 0.7040229885057471,
      "C2_Problem_Identification": 0.8706896551724138,
      "C3_Explanation_Clarity": 0.867816091954023,
      "C4_Actionability": 0.9425287356321839,
      "C5_Contextual_Adequacy": 0.7873563218390804,
      "C6_Brevity": 1.0
    },
    "all_match": 0.4482758620689655
  },
  "per_level": {
    "CODE_ERROR": {
      "total": 12,
      "per_criterion": {
        "C1_Readability": 0.75,
        "C2_Problem_Identification": 0.75,
        "C3_Explanation_Clarity": 0.75,
        "C4_Actionability": 0.8333333333333334,
        "C5_Contextual_Adequacy": 0.75,
        "C6_Brevity": 1.0
      },
      "all_match": 0.5
    },
    "CODE_TEST": {
      "total": 12,
      "per_criterion": {
        "C1_Readability": 0.6666666666666666,
        "C2_Problem_Identification": 0.8333333333333334,
        "C3_Explanation_Clarity": 0.8333333333333334,
        "C4_Actionability": 0.75,
        "C5_Contextual_Adequacy": 0.8333333333333334,
        "C6_Brevity": 1.0
      },
      "all_match": 0.5
    },
    "CODE_DOCSTRING": {
      "total": 12,
      "per_criterion": {
        "C1_Readability": 0.6666666666666666,
        "C2_Problem_Identification": 0.9166666666666666,
        "C3_Explanation_Clarity": 0.9166666666666666,
        "C4_Actionability": 1.0,
        "C5_Contextual_Adequacy": 0.75,
        "C6_Brevity": 1.0
      },
      "all_match": 0.4166666666666667
    },
    "CODE_SLICE_BLOCK": {
      "total": 12,
      "per_criterion": {
        "C1_Readability": 0.75,
        "C2_Problem_Identification": 0.9166666666666666,
        "C3_Explanation_Clarity": 0.9166666666666666,
        "C4_Actionability": 1.0,
        "C5_Contextual_Adequacy": 0.6666666666666666,
        "C6_Brevity": 1.0
      },
      "all_match": 0.5
    },
    "CODE_SLICE_BACKWARD": {
      "total": 12,
      "per_criterion": {
        "C1_Readability": 0.6666666666666666,
        "C2_Problem_Identification": 0.8333333333333334,
        "C3_Explanation_Clarity": 0.8333333333333334,
        "C4_Actionability": 0.8333333333333334,
        "C5_Contextual_Adequacy": 0.5833333333333334,
        "C6_Brevity": 1.0
      },
      "all_match": 0.25
    },
    "CODE_SLICE_FORWARD": {
      "total": 12,
      "per_criterion": {
        "C1_Readability": 0.6666666666666666,
        "C2_Problem_Identification": 0.9166666666666666,
        "C3_Explanation_Clarity": 0.8333333333333334,
        "C4_Actionability": 0.8333333333333334,
        "C5_Contextual_Adequacy": 0.75,
        "C6_Brevity": 1.0
      },
      "all_match": 0.4166666666666667
    },
    "CODE_SLICE_UNION": {
      "total": 12,
      "per_criterion": {
        "C1_Readability": 0.75,
        "C2_Problem_Identification": 0.9166666666666666,
        "C3_Explanation_Clarity": 0.9166666666666666,
        "C4_Actionability": 0.9166666666666666,
        "C5_Contextual_Adequacy": 0.9166666666666666,
        "C6_Brevity": 1.0
      },
      "all_match": 0.5833333333333334
    },
    "ERROR_TEST": {
      "total": 12,
      "per_criterion": {
        "C1_Readability": 0.9166666666666666,
        "C2_Problem_Identification": 0.8333333333333334,
        "C3_Explanation_Clarity": 0.75,
        "C4_Actionability": 1.0,
        "C5_Contextual_Adequacy": 0.8333333333333334,
        "C6_Brevity": 1.0
      },
      "all_match": 0.5
    },
    "ERROR_DOCSTRING": {
      "total": 12,
      "per_criterion": {
        "C1_Readability": 0.5,
        "C2_Problem_Identification": 0.9166666666666666,
        "C3_Explanation_Clarity": 0.9166666666666666,
        "C4_Actionability": 1.0,
        "C5_Contextual_Adequacy": 0.9166666666666666,
        "C6_Brevity": 1.0
      },
      "all_match": 0.5
    },
    "ERROR_SLICE_BLOCK": {
      "total": 12,
      "per_criterion": {
        "C1_Readability": 0.6666666666666666,
        "C2_Problem_Identification": 0.8333333333333334,
        "C3_Explanation_Clarity": 0.9166666666666666,
        "C4_Actionability": 1.0,
        "C5_Contextual_Adequacy": 0.9166666666666666,
        "C6_Brevity": 1.0
      },
      "all_match": 0.4166666666666667
    },
    "ERROR_SLICE_BACKWARD": {
      "total": 12,
      "per_criterion": {
        "C1_Readability": 0.8333333333333334,
        "C2_Problem_Identification": 0.75,
        "C3_Explanation_Clarity": 0.8333333333333334,
        "C4_Actionability": 1.0,
        "C5_Contextual_Adequacy": 0.8333333333333334,
        "C6_Brevity": 1.0
      },
      "all_match": 0.5
    },
    "ERROR_SLICE_FORWARD": {
      "total": 12,
      "per_criterion": {
        "C1_Readability": 0.75,
        "C2_Problem_Identification": 0.8333333333333334,
        "C3_Explanation_Clarity": 0.8333333333333334,
        "C4_Actionability": 1.0,
        "C5_Contextual_Adequacy": 1.0,
        "C6_Brevity": 1.0
      },
      "all_match": 0.5833333333333334
    },
    "ERROR_SLICE_UNION": {
      "total": 12,
      "per_criterion": {
        "C1_Readability": 0.8333333333333334,
        "C2_Problem_Identification": 0.75,
        "C3_Explanation_Clarity": 0.75,
        "C4_Actionability": 0.9166666666666666,
        "C5_Contextual_Adequacy": 0.75,
        "C6_Brevity": 1.0
      },
      "all_match": 0.5
    },
    "TEST_DOCSTRING": {
      "total": 12,
      "per_criterion": {
        "C1_Readability": 0.6666666666666666,
        "C2_Problem_Identification": 0.75,
        "C3_Explanation_Clarity": 0.8333333333333334,
        "C4_Actionability": 1.0,
        "C5_Contextual_Adequacy": 0.8333333333333334,
        "C6_Brevity": 1.0
      },
      "all_match": 0.4166666666666667
    },
    "TEST_SLICE_BLOCK": {
      "total": 12,
      "per_criterion": {
        "C1_Readability": 0.5833333333333334,
        "C2_Problem_Identification": 0.6666666666666666,
        "C3_Explanation_Clarity": 0.75,
        "C4_Actionability": 0.8333333333333334,
        "C5_Contextual_Adequacy": 0.75,
        "C6_Brevity": 1.0
      },
      "all_match": 0.25
    },
    "TEST_SLICE_BACKWARD": {
      "total": 12,
      "per_criterion": {
        "C1_Readability": 0.6666666666666666,
        "C2_Problem_Identification": 0.6666666666666666,
        "C3_Explanation_Clarity": 0.75,
        "C4_Actionability": 0.9166666666666666,
        "C5_Contextual_Adequacy": 0.6666666666666666,
        "C6_Brevity": 1.0
      },
      "all_match": 0.25
    },
    "TEST_SLICE_FORWARD": {
      "total": 12,
      "per_criterion": {
        "C1_Readability": 0.5,
        "C2_Problem_Identification": 0.9166666666666666,
        "C3_Explanation_Clarity": 0.8333333333333334,
        "C4_Actionability": 1.0,
        "C5_Contextual_Adequacy": 0.5833333333333334,
        "C6_Brevity": 1.0
      },
      "all_match": 0.08333333333333333
    },
    "TEST_SLICE_UNION": {
      "total": 12,
      "per_criterion": {
        "C1_Readability": 0.6666666666666666,
        "C2_Problem_Identification": 0.75,
        "C3_Explanation_Clarity": 0.6666666666666666,
        "C4_Actionability": 1.0,
        "C5_Contextual_Adequacy": 0.75,
        "C6_Brevity": 1.0
      },
      "all_match": 0.25
    },
    "DOCSTRING_SLICE_BLOCK": {
      "total": 12,
      "per_criterion": {
        "C1_Readability": 0.8333333333333334,
        "C2_Problem_Identification": 0.9166666666666666,
        "C3_Explanation_Clarity": 0.9166666666666666,
        "C4_Actionability": 0.9166666666666666,
        "C5_Contextual_Adequacy": 0.75,
        "C6_Brevity": 1.0
      },
      "all_match": 0.5833333333333334
    },
    "DOCSTRING_SLICE_BACKWARD": {
      "total": 12,
      "per_criterion": {
        "C1_Readability": 0.8333333333333334,
        "C2_Problem_Identification": 1.0,