{
  "metadata": {
    "runs_compared": [
      "results_run1.json",
      "results_run2.json",
      "results_run3.json"
    ],
    "total_configs": 108,
    "criteria": [
      "C1_Readability",
      "C2_Problem_Identification",
      "C3_Explanation_Clarity",
      "C4_Actionability",
      "C5_Contextual_Adequacy",
      "C6_Brevity"
    ]
  },
  "overall": {
    "per_criterion": {
      "C1_Readability": 0.8240740740740741,
      "C2_Problem_Identification": 0.8055555555555556,
      "C3_Explanation_Clarity": 0.75,
      "C4_Actionability": 0.7685185185185185,
      "C5_Contextual_Adequacy": 0.7314814814814815,
      "C6_Brevity": 0.5185185185185185
    },
    "all_match": 0.19444444444444445
  },
  "per_level": {
    "CODE": {
      "total": 12,
      "per_criterion": {
        "C1_Readability": 0.75,
        "C2_Problem_Identification": 0.9166666666666666,
        "C3_Explanation_Clarity": 0.9166666666666666,
        "C4_Actionability": 0.8333333333333334,
        "C5_Contextual_Adequacy": 0.6666666666666666,
        "C6_Brevity": 0.5
      },
      "all_match": 0.3333333333333333
    },
    "ERROR": {
      "total": 12,
      "per_criterion": {
        "C1_Readability": 0.9166666666666666,
        "C2_Problem_Identification": 0.6666666666666666,
        "C3_Explanation_Clarity": 0.75,
        "C4_Actionability": 0.5833333333333334,
        "C5_Contextual_Adequacy": 0.75,
        "C6_Brevity": 0.5833333333333334
      },
      "all_match": 0.0
    },
    "TEST": {
      "total": 12,
      "per_criterion": {
        "C1_Readability": 1.0,
        "C2_Problem_Identification": 0.5,
        "C3_Explanation_Clarity": 0.4166666666666667,
        "C4_Actionability": 0.5,
        "C5_Contextual_Adequacy": 0.5833333333333334,
        "C6_Brevity": 0.5
      },
      "all_match": 0.08333333333333333
    },
    "DOCSTRING": {
      "total": 12,
      "per_criterion": {
        "C1_Readability": 0.8333333333333334,
        "C2_Problem_Identification": 0.9166666666666666,
        "C3_Explanation_Clarity": 0.8333333333333334,
        "C4_Actionability": 0.6666666666666666,
        "C5_Contextual_Adequacy": 0.5,
        "C6_Brevity": 0.75
      },
      "all_match": 0.25
    },
    "SLICE_BLOCK": {
      "total": 12,
      "per_criterion": {
        "C1_Readability": 0.8333333333333334,
        "C2_Problem_Identification": 0.8333333333333334,
        "C3_Explanation_Clarity": 0.75,
        "C4_Actionability": 0.8333333333333334,
        "C5_Contextual_Adequacy": 0.8333333333333334,
        "C6_Brevity": 0.3333333333333333
      },
      "all_match": 0.08333333333333333
    },
    "SLICE_BACKWARD": {
      "total": 12,
      "per_criterion": {
        "C1_Readability": 0.5833333333333334,
        "C2_Problem_Identification": 0.9166666666666666,
        "C3_Explanation_Clarity": 0.6666666666666666,
        "C4_Actionability": 0.8333333333333334,
        "C5_Contextual_Adequacy": 0.8333333333333334,
        "C6_Brevity": 0.25
      },
      "all_match": 0.16666666666666666
    },
    "SLICE_FORWARD": {
      "total": 12,
      "per_criterion": {
        "C1_Readability": 0.9166666666666666,
        "C2_Problem_Identification": 0.75,
        "C3_Explanation_Clarity": 0.8333333333333334,
        "C4_Actionability": 0.9166666666666666,
        "C5_Contextual_Adequacy": 0.6666666666666666,
        "C6_Brevity": 0.75
      },
      "all_match": 0.3333333333333333
    },
    "SLICE_UNION": {
      "total": 12,
      "per_criterion": {
        "C1_Readability": 0.75,
        "C2_Problem_Identification": 0.8333333333333334,
        "C3_Explanation_Clarity": 0.5833333333333334,
        "C4_Actionability": 0.8333333333333334,
        "C5_Contextual_Adequacy": 1.0,
        "C6_Brevity": 0.3333333333333333
      },
      "all_match": 0.08333333333333333
    },
    "BASELINE": {
      "total": 12,
      "per_criterion": {
        "C1_Readability": 0.8333333333333334,
        "C2_Problem_Identification": 0.9166666666666666,
        "C3_Explanation_Clarity": 1.0,
        "C4_Actionability": 0.9166666666666666,
        "C5_Contextual_Adequacy": 0.75,
        "C6_Brevity": 0.6666666666666666
      },
      "all_match": 0.4166666666666667
    }
  }
}