{
  "metadata": {
    "runs_compared": [
      "results_run1.json",
      "results_run2.json",
      "results_run3.json"
    ],
    "total_configs": 108,
    "criteria": [
      "C1_Readability",
      "C2_Problem_Identification",
      "C3_Explanation_Clarity",
      "C4_Actionability",
      "C5_Contextual_Adequacy",
      "C6_Brevity"
    ]
  },
  "overall": {
    "per_criterion": {
      "C1_Readability": 0.5462962962962963,
      "C2_Problem_Identification": 0.9722222222222222,
      "C3_Explanation_Clarity": 0.9722222222222222,
      "C4_Actionability": 0.9814814814814815,
      "C5_Contextual_Adequacy": 0.6388888888888888,
      "C6_Brevity": 0.9722222222222222
    },
    "all_match": 0.3333333333333333
  },
  "per_level": {
    "CODE": {
      "total": 12,
      "per_criterion": {
        "C1_Readability": 0.5,
        "C2_Problem_Identification": 1.0,
        "C3_Explanation_Clarity": 1.0,
        "C4_Actionability": 1.0,
        "C5_Contextual_Adequacy": 0.8333333333333334,
        "C6_Brevity": 1.0
      },
      "all_match": 0.4166666666666667
    },
    "ERROR": {
      "total": 12,
      "per_criterion": {
        "C1_Readability": 0.9166666666666666,
        "C2_Problem_Identification": 0.9166666666666666,
        "C3_Explanation_Clarity": 0.9166666666666666,
        "C4_Actionability": 0.9166666666666666,
        "C5_Contextual_Adequacy": 0.4166666666666667,
        "C6_Brevity": 0.9166666666666666
      },
      "all_match": 0.4166666666666667
    },
    "TEST": {
      "total": 12,
      "per_criterion": {
        "C1_Readability": 0.16666666666666666,
        "C2_Problem_Identification": 1.0,
        "C3_Explanation_Clarity": 1.0,
        "C4_Actionability": 1.0,
        "C5_Contextual_Adequacy": 0.75,
        "C6_Brevity": 1.0
      },
      "all_match": 0.08333333333333333
    },
    "DOCSTRING": {
      "total": 12,
      "per_criterion": {
        "C1_Readability": 0.3333333333333333,
        "C2_Problem_Identification": 1.0,
        "C3_Explanation_Clarity": 1.0,
        "C4_Actionability": 1.0,
        "C5_Contextual_Adequacy": 0.5833333333333334,
        "C6_Brevity": 1.0
      },
      "all_match": 0.16666666666666666
    },
    "SLICE_BLOCK": {
      "total": 12,
      "per_criterion": {
        "C1_Readability": 0.5833333333333334,
        "C2_Problem_Identification": 1.0,
        "C3_Explanation_Clarity": 1.0,
        "C4_Actionability": 1.0,
        "C5_Contextual_Adequacy": 0.3333333333333333,
        "C6_Brevity": 1.0
      },
      "all_match": 0.25
    },
    "SLICE_BACKWARD": {
      "total": 12,
      "per_criterion": {
        "C1_Readability": 0.8333333333333334,
        "C2_Problem_Identification": 1.0,
        "C3_Explanation_Clarity": 1.0,
        "C4_Actionability": 1.0,
        "C5_Contextual_Adequacy": 0.5833333333333334,
        "C6_Brevity": 1.0
      },
      "all_match": 0.5833333333333334
    },
    "SLICE_FORWARD": {
      "total": 12,
      "per_criterion": {
        "C1_Readability": 0.4166666666666667,
        "C2_Problem_Identification": 1.0,
        "C3_Explanation_Clarity": 1.0,
        "C4_Actionability": 1.0,
        "C5_Contextual_Adequacy": 0.9166666666666666,
        "C6_Brevity": 1.0
      },
      "all_match": 0.3333333333333333
    },
    "SLICE_UNION": {
      "total": 12,
      "per_criterion": {
        "C1_Readability": 0.4166666666666667,
        "C2_Problem_Identification": 1.0,
        "C3_Explanation_Clarity": 1.0,
        "C4_Actionability": 1.0,
        "C5_Contextual_Adequacy": 0.5833333333333334,
        "C6_Brevity": 1.0
      },
      "all_match": 0.25
    },
    "BASELINE": {
      "total": 12,
      "per_criterion": {
        "C1_Readability": 0.75,
        "C2_Problem_Identification": 0.8333333333333334,
        "C3_Explanation_Clarity": 0.8333333333333334,
        "C4_Actionability": 0.9166666666666666,
        "C5_Contextual_Adequacy": 0.75,
        "C6_Brevity": 0.8333333333333334
      },
      "all_match": 0.5
    }
  }
}