{
  "metadata": {
    "runs_compared": [
      "results_run1.json",
      "results_run2.json",
      "results_run3.json"
    ],
    "total_configs": 348,
    "criteria": [
      "C1_Readability",
      "C2_Problem_Identification",
      "C3_Explanation_Clarity",
      "C4_Actionability",
      "C5_Contextual_Adequacy",
      "C6_Brevity"
    ]
  },
  "overall": {
    "per_criterion": {
      "C1_Readability": 0.7011494252873564,
      "C2_Problem_Identification": 0.8304597701149425,
      "C3_Explanation_Clarity": 0.8304597701149425,
      "C4_Actionability": 0.8908045977011494,
      "C5_Contextual_Adequacy": 0.6551724137931034,
      "C6_Brevity": 0.7528735632183908
    },
    "all_match": 0.3132183908045977
  },
  "per_level": {
    "CODE_ERROR": {
      "total": 12,
      "per_criterion": {
        "C1_Readability": 0.6666666666666666,
        "C2_Problem_Identification": 0.75,
        "C3_Explanation_Clarity": 0.75,
        "C4_Actionability": 0.9166666666666666,
        "C5_Contextual_Adequacy": 0.75,
        "C6_Brevity": 0.6666666666666666
      },
      "all_match": 0.25
    },
    "CODE_TEST": {
      "total": 12,
      "per_criterion": {
        "C1_Readability": 0.6666666666666666,
        "C2_Problem_Identification": 0.5833333333333334,
        "C3_Explanation_Clarity": 0.5833333333333334,
        "C4_Actionability": 0.6666666666666666,
        "C5_Contextual_Adequacy": 0.6666666666666666,
        "C6_Brevity": 0.5833333333333334
      },
      "all_match": 0.25
    },
    "CODE_DOCSTRING": {
      "total": 12,
      "per_criterion": {
        "C1_Readability": 0.9166666666666666,
        "C2_Problem_Identification": 1.0,
        "C3_Explanation_Clarity": 1.0,
        "C4_Actionability": 1.0,
        "C5_Contextual_Adequacy": 0.5833333333333334,
        "C6_Brevity": 1.0
      },
      "all_match": 0.5833333333333334
    },
    "CODE_SLICE_BLOCK": {
      "total": 12,
      "per_criterion": {
        "C1_Readability": 0.8333333333333334,
        "C2_Problem_Identification": 0.9166666666666666,
        "C3_Explanation_Clarity": 0.9166666666666666,
        "C4_Actionability": 0.8333333333333334,
        "C5_Contextual_Adequacy": 0.3333333333333333,
        "C6_Brevity": 0.9166666666666666
      },
      "all_match": 0.25
    },
    "CODE_SLICE_BACKWARD": {
      "total": 12,
      "per_criterion": {
        "C1_Readability": 0.75,
        "C2_Problem_Identification": 0.75,
        "C3_Explanation_Clarity": 0.75,
        "C4_Actionability": 0.75,
        "C5_Contextual_Adequacy": 0.5,
        "C6_Brevity": 0.75
      },
      "all_match": 0.25
    },
    "CODE_SLICE_FORWARD": {
      "total": 12,
      "per_criterion": {
        "C1_Readability": 0.75,
        "C2_Problem_Identification": 1.0,
        "C3_Explanation_Clarity": 1.0,
        "C4_Actionability": 1.0,
        "C5_Contextual_Adequacy": 0.6666666666666666,
        "C6_Brevity": 1.0
      },
      "all_match": 0.5833333333333334
    },
    "CODE_SLICE_UNION": {
      "total": 12,
      "per_criterion": {
        "C1_Readability": 0.9166666666666666,
        "C2_Problem_Identification": 0.9166666666666666,
        "C3_Explanation_Clarity": 0.9166666666666666,
        "C4_Actionability": 1.0,
        "C5_Contextual_Adequacy": 0.6666666666666666,
        "C6_Brevity": 0.9166666666666666
      },
      "all_match": 0.5833333333333334
    },
    "ERROR_TEST": {
      "total": 12,
      "per_criterion": {
        "C1_Readability": 0.5833333333333334,
        "C2_Problem_Identification": 0.5,
        "C3_Explanation_Clarity": 0.5,
        "C4_Actionability": 0.8333333333333334,
        "C5_Contextual_Adequacy": 0.9166666666666666,
        "C6_Brevity": 0.3333333333333333
      },
      "all_match": 0.16666666666666666
    },
    "ERROR_DOCSTRING": {
      "total": 12,
      "per_criterion": {
        "C1_Readability": 0.6666666666666666,
        "C2_Problem_Identification": 0.9166666666666666,
        "C3_Explanation_Clarity": 0.9166666666666666,
        "C4_Actionability": 1.0,
        "C5_Contextual_Adequacy": 0.8333333333333334,
        "C6_Brevity": 0.75
      },
      "all_match": 0.4166666666666667
    },
    "ERROR_SLICE_BLOCK": {
      "total": 12,
      "per_criterion": {
        "C1_Readability": 0.75,
        "C2_Problem_Identification": 0.8333333333333334,
        "C3_Explanation_Clarity": 0.8333333333333334,
        "C4_Actionability": 0.9166666666666666,
        "C5_Contextual_Adequacy": 0.9166666666666666,
        "C6_Brevity": 0.6666666666666666
      },
      "all_match": 0.3333333333333333
    },
    "ERROR_SLICE_BACKWARD": {
      "total": 12,
      "per_criterion": {
        "C1_Readability": 0.9166666666666666,
        "C2_Problem_Identification": 0.75,
        "C3_Explanation_Clarity": 0.75,
        "C4_Actionability": 1.0,
        "C5_Contextual_Adequacy": 0.6666666666666666,
        "C6_Brevity": 0.6666666666666666
      },
      "all_match": 0.3333333333333333
    },
    "ERROR_SLICE_FORWARD": {
      "total": 12,
      "per_criterion": {
        "C1_Readability": 0.8333333333333334,
        "C2_Problem_Identification": 0.9166666666666666,
        "C3_Explanation_Clarity": 0.9166666666666666,
        "C4_Actionability": 0.8333333333333334,
        "C5_Contextual_Adequacy": 0.9166666666666666,
        "C6_Brevity": 0.6666666666666666
      },
      "all_match": 0.3333333333333333
    },
    "ERROR_SLICE_UNION": {
      "total": 12,
      "per_criterion": {
        "C1_Readability": 0.6666666666666666,
        "C2_Problem_Identification": 0.5833333333333334,
        "C3_Explanation_Clarity": 0.5833333333333334,
        "C4_Actionability": 0.8333333333333334,
        "C5_Contextual_Adequacy": 0.4166666666666667,
        "C6_Brevity": 0.3333333333333333
      },
      "all_match": 0.16666666666666666
    },
    "TEST_DOCSTRING": {
      "total": 12,
      "per_criterion": {
        "C1_Readability": 0.4166666666666667,
        "C2_Problem_Identification": 0.5,
        "C3_Explanation_Clarity": 0.5,
        "C4_Actionability": 0.9166666666666666,
        "C5_Contextual_Adequacy": 0.9166666666666666,
        "C6_Brevity": 0.5
      },
      "all_match": 0.0
    },
    "TEST_SLICE_BLOCK": {
      "total": 12,
      "per_criterion": {
        "C1_Readability": 0.6666666666666666,
        "C2_Problem_Identification": 0.6666666666666666,
        "C3_Explanation_Clarity": 0.6666666666666666,
        "C4_Actionability": 0.5833333333333334,
        "C5_Contextual_Adequacy": 0.6666666666666666,
        "C6_Brevity": 0.6666666666666666
      },
      "all_match": 0.25
    },
    "TEST_SLICE_BACKWARD": {
      "total": 12,
      "per_criterion": {
        "C1_Readability": 0.6666666666666666,
        "C2_Problem_Identification": 0.5833333333333334,
        "C3_Explanation_Clarity": 0.5833333333333334,
        "C4_Actionability": 0.6666666666666666,
        "C5_Contextual_Adequacy": 0.6666666666666666,
        "C6_Brevity": 0.3333333333333333
      },
      "all_match": 0.08333333333333333
    },
    "TEST_SLICE_FORWARD": {
      "total": 12,
      "per_criterion": {
        "C1_Readability": 0.75,
        "C2_Problem_Identification": 0.8333333333333334,
        "C3_Explanation_Clarity": 0.8333333333333334,
        "C4_Actionability": 0.9166666666666666,
        "C5_Contextual_Adequacy": 0.75,
        "C6_Brevity": 0.6666666666666666
      },
      "all_match": 0.3333333333333333
    },
    "TEST_SLICE_UNION": {
      "total": 12,
      "per_criterion": {
        "C1_Readability": 0.75,
        "C2_Problem_Identification": 0.75,
        "C3_Explanation_Clarity": 0.75,
        "C4_Actionability": 0.75,
        "C5_Contextual_Adequacy": 0.5833333333333334,
        "C6_Brevity": 0.5833333333333334
      },
      "all_match": 0.08333333333333333
    },
    "DOCSTRING_SLICE_BLOCK": {
      "total": 12,
      "per_criterion": {
        "C1_Readability": 0.5833333333333334,
        "C2_Problem_Identification": 0.9166666666666666,
        "C3_Explanation_Clarity": 0.9166666666666666,